ページタイトル,URL,いいね数
GitHubの機能をフルに使って職務経歴書の継続的インテグレーションを実現する,https://zenn.dev/ryo_kawamata/articles/resume-on-github,141
GitHubProfileのページを可能な限りキラキラさせる方法,https://zenn.dev/yutakatay/articles/kirakira-github-profile,53
4ステップでGithubからZennに記事を公開してみる(トラブルシューティング付き),https://zenn.dev/ohbashunsuke/articles/20200917001-deploy-with-github,27
【初心者向け】gitの説明,https://zenn.dev/alex/articles/1a0baa652954bfdbe4f6,27
Github Actions で他のリポジトリからの変更通知を受け取ってPRを作成する Workflow,https://zenn.dev/mizchi/articles/3117b92a834531361fc8,25
【私的】GitHub ブランチ運用ルール,https://zenn.dev/kazunori_kimura/articles/e7b75e60316ded6480a6,20
Check! GitHub アクション: ちょっとしたスクリプトをかきたいときは GitHub Script が便利,https://zenn.dev/dzeyelid/articles/106f8d1b9a10306390f8,20
【見やすい資料を！】マークダウンで作成できるGoogleのCodeLabを使ってみた。,https://zenn.dev/reerishun/articles/ac128b86e090195f59cd,11
GitHub Actions で Prettier がバグってないか確認する,https://zenn.dev/sosukesuzuki/articles/753d7ec2d65e154599c3,11
GitHub で意図せぬ Public Repository 化をお手軽に検知・防止する,https://zenn.dev/serima/articles/935649c37cc2943c6e57,11
git push -fでやらかした話し,https://zenn.dev/miyazi777/articles/6ac115b552d886c1f6fb,10
GitHub Actionsでtagのpushをtriggerに前tagからの差分をまとめたreleaseを生成する,https://zenn.dev/seita/articles/d1dba77043be8fd50eeb,8
初めてVim Pluginを作った話し,https://zenn.dev/koizuss/articles/f332b08a3ee8c27af144,7
GitHub Actions で private リポジトリを yarn で依存解決する,https://zenn.dev/mallowlabs/articles/yarn-private-repo-on-github-actions,6
Re:VIEWとGitHubを使って、技術書合同誌を書いた話（非エンジニア含む）,https://zenn.dev/orange634nty/articles/37a31875e8cc57e3c868,6
Zenn記事でもレビューしたい！ のでPull Requestごとにプレビューページを作る,https://zenn.dev/kokuyouwind/articles/zenn-heroku-review-app,5
Zenn CLI環境をdockerで構築し、Github経由で記事投稿を行う,https://zenn.dev/takapy/articles/2009212336_zenncli-docker,5
[Flutter] GitHub 最新スター数ランキングのいま,https://zenn.dev/kurun/articles/76a20bc3ab92bbd4a2ff,5
CI で Gitリポジトリ への push を Pixela に記録する,https://zenn.dev/sogaoh/articles/20-10-17-f3750a76ca19603736cd,4
GitHub Pages をローカルで動作確認する,https://zenn.dev/snowcait/articles/9420b3ef2a5edcea2a07,4
GitHubでフォーク元の変化を取り込む,https://zenn.dev/yui/articles/e90c27846fa17679b7c2,4
GitHub Organization の管理の仕方,https://zenn.dev/masso/articles/06945b09962cc77c0328,4
GitHubとHerokuのデフォルトブランチをmasterからmainに変更してみた,https://zenn.dev/hiro_y/articles/b0839b76b9f1f58f7e17,4
Github Codespaces beta版が開放されたので見てみた,https://zenn.dev/sara_ohtani_mt2/articles/1ba367741eff99ccf99f,3
